"OutputFile","LogicalName","SourcePath","SourceHash","Length"
"de_Account.js","de_Account.js",".\DigitalEmbrace_CRM_Solutions\XrmPageJScript\Scripts\de_Account.js","27BF54A373A4","3155"
"de_Common.Library.js","de_Common.Library.js",".\DigitalEmbrace_CRM_Solutions\XrmPageJScript\Scripts\de_Common.Library.js","48BD00CF05E7","23202"
"de_CommunicationList.js","de_CommunicationList.js",".\DigitalEmbrace_CRM_Solutions\XrmPageJScript\Scripts\de_CommunicationList.js","FB06AFC98F55","695"
"de_Contact.js","de_Contact.js",".\DigitalEmbrace_CRM_Solutions\XrmPageJScript\Scripts\de_Contact.js","B9C224CD5BDF","1690"
"de_Education.js","de_Education.js",".\DigitalEmbrace_CRM_Solutions\XrmPageJScript\Scripts\de_Education.js","8E37D2B0AE63","6575"
"de_EventAttendee.js","de_EventAttendee.js",".\DigitalEmbrace_CRM_Solutions\XrmPageJScript\Scripts\de_EventAttendee.js","7E980BEC488E","625"
"de_Incident.js","de_Incident.js",".\DigitalEmbrace_CRM_Solutions\XrmPageJScript\Scripts\de_Incident.js","F59756F70036","13303"
"de_Incident_Quick.js","de_Incident_Quick.js",".\DigitalEmbrace_CRM_Solutions\XrmPageJScript\Scripts\de_Incident_Quick.js","276E05C82F3F","2828"
"ge_js_campaignactivity.js","ge_js_campaignactivity",".\Default_1_0\WebResources\ge_js_campaignactivity7F57E321-99A7-E211-A757-00155D00BF12","E12DCA73C081","481"
"nav_contact_js.js","nav_contact_js",".\Default_1_0\WebResources\nav_contact_js13F135A8-DCE2-E211-9CFA-B4B52F67F6E2","35D205DB5292","2195"
"nav_specialty_js.js","nav_specialty_js",".\Default_1_0\WebResources\nav_specialty_js30F17120-E2E2-E211-9CFA-B4B52F67F6E2","BAA76FFBE8A5","1893"
"new_Account.js","new_Account",".\Default_1_0\WebResources\new_Account7D911517-C902-E411-80CE-00155D027300","5ACCEF381211","3057"
"new_autosave.js","new_autosave",".\Default_1_0\WebResources\new_autosave2F52E568-4382-E411-8AF9-0050569E0009","C9F2AC0281FF","198"
"new_CommonLibrary.js","new_CommonLibrary",".\Default_1_0\WebResources\new_CommonLibraryB9951AC7-1AEC-E311-80CD-00155D027300","8B42F3FDAD42","22597"
"new_CommunicationList.js","new_CommunicationList",".\Default_1_0\WebResources\new_CommunicationList26F0B999-3B43-E411-80D3-00155D027703","2292B655F8FD","670"
"new_Contact.js","new_Contact",".\Default_1_0\WebResources\new_Contact99B80D36-2018-E411-80D2-00155D027703","71EFC0B2885E","1646"
"new_EducationLibrary.js","new_EducationLibrary",".\Default_1_0\WebResources\new_EducationLibraryEA01B849-112A-E411-80D2-00155D027703","088FC5E1C488","6420"
"new_EventAttendee.js","new_EventAttendee",".\Default_1_0\WebResources\new_EventAttendeeC0E515FD-4414-E411-80D2-00155D027703","7E980BEC488E","625"
"new_incident.js","new_incident",".\Default_1_0\WebResources\new_incident6916347A-F0EB-E311-80CD-00155D027300","5ECB2C975F15","13283"
"new_Incident_Quick.js","new_Incident_Quick",".\Default_1_0\WebResources\new_Incident_Quick4E1E626C-3440-E411-80D3-00155D027703","276E05C82F3F","2828"
"new_incident_scripts.js","new_incident_scripts",".\Default_1_0\WebResources\new_incident_scripts045E4B89-803F-E411-80D3-00155D027703","EE6C7FA54031","493"
"new_incident_scripts_source.js","new_incident_scripts.js",".\DigitalEmbrace_CRM_Solutions\XrmPageJScript\Scripts\new_incident_scripts.js","12C8F3C224C4","510"
"new_js_attendance.js","new_js_attendance",".\Default_1_0\WebResources\new_js_attendance7BA2712D-4CAC-E211-8AAA-78E3B5089B85","B6832D77BE1F","3113"
"new_js_campaign.js","new_js_campaign",".\Default_1_0\WebResources\new_js_campaign7C1808B0-87AB-E211-8AAA-78E3B5089B85","A5D34B28FB5F","499"
"new_js_campaignactivity.js","new_js_campaignactivity",".\Default_1_0\WebResources\new_js_campaignactivityB6D7D653-98A7-E211-8AAA-78E3B5089B85","47640E69F22B","45"
"new_js_crm_sdk_rest.js","new_js_crm_sdk_rest",".\Default_1_0\WebResources\new_js_crm_sdk_restC614A45A-66B2-E211-8BE1-78E3B5089B4B","87A89347D172","16357"
"new_js_json2.js","new_js_json2",".\Default_1_0\WebResources\new_js_json2F47D6F87-6DB2-E211-8AAA-78E3B5089B85","C6622228E7DC","3950"
"new_js_servicerequestform.js","new_js_servicerequestform",".\Default_1_0\WebResources\new_js_servicerequestformDC04464F-89A7-E211-8AAA-78E3B5089B85","88752CD92DA8","1770"
"new_js_servicerequestresponse.js","new_js_servicerequestresponse",".\Default_1_0\WebResources\new_js_servicerequestresponse39A1B722-62B2-E211-8BE1-78E3B5089B4B","30AE12675898","4911"
"new_maskedinput.js","new_maskedinput",".\Default_1_0\WebResources\new_maskedinputA0FE7930-CB02-E411-80CE-00155D027300","78C4A304132E","7774"
"new_NotificationJS.js","new_NotificationJS",".\Default_1_0\WebResources\new_NotificationJS936B0641-3EAF-E211-8459-005056B8253F","C91E5DFADD0B","1359"
"new_PersonalAddressScript.js","new_PersonalAddressScript",".\Default_1_0\WebResources\new_PersonalAddressScript80574614-E537-E111-943D-00155D146C19","111B82845AF2","1537"
"new_SpecialtyScript.js","new_SpecialtyScript",".\Default_1_0\WebResources\new_SpecialtyScript3277EC58-EC3A-E111-943D-00155D146C19","D97275292E35","1721"
"oahpp_commonJscript.js","oahpp_commonJscript",".\Default_1_0\WebResources\oahpp_commonJscript841DE1D0-5060-E011-8B62-080027217DD0","96E60114D840","4655"
"oahpp_commonJscript_source.js","oahpp_commonJscript.js",".\DigitalEmbrace_CRM_Solutions\XrmPageJScript\Scripts\oahpp_commonJscript.js","0DB99F2B9B37","4796"
"oahpp_ContactsScript.js","oahpp_ContactsScript",".\Default_1_0\WebResources\oahpp_ContactsScriptF5F2B9E7-2354-E011-BCA6-080027217DD0","A9164926D8D1","11637"
"oahpp_json2.js","oahpp_json2",".\Default_1_0\WebResources\oahpp_json2B90422E4-435D-E011-AAEA-080027217DD0","2873194C662A","3951"
"oahpp_marketingListScript.js","oahpp_marketingListScript",".\Default_1_0\WebResources\oahpp_marketingListScript24ED3DF6-C75E-E011-868F-080027217DD0","52170948903E","433"
"oahpp_OrganisationScript.js","oahpp_OrganisationScript",".\Default_1_0\WebResources\oahpp_OrganisationScriptFA3E35E3-0763-E011-8DBB-080027217DD0","33045B107E67","5252"
"XrmPageTemplate.js","XrmPageTemplate.js",".\DigitalEmbrace_CRM_Solutions\XrmPageJScript\Scripts\XrmPageTemplate.js","BE4C673BCF0A","96231"
"XrmServiceToolkit.js","XrmServiceToolkit.js",".\DigitalEmbrace_CRM_Solutions\XrmPageJScript\Scripts\XrmServiceToolkit.js","67CA60C89773","152425"
"XrmSvcToolkit.js","XrmSvcToolkit.js",".\DigitalEmbrace_CRM_Solutions\XrmPageJScript\Scripts\XrmSvcToolkit.js","763B2A5AFB23","32602"
